{
	"name": "parse",
	"version": "4.0.7",
	"title": "Papa Parse",
	"description": "Powerful CSV parser that converts CSV to JSON and JSON to CSV. Supports web workers and streaming large files. Fastest CSV parser for JavaScript.",
	"keywords": [
		"csv",
		"parse",
		"parsing",
		"parser",
		"delimited",
		"text",
		"data",
		"auto-detect",
		"comma",
		"tab",
		"pipe",
		"file",
		"filereader",
		"stream",
		"encoding",
		"workers",
		"multi-threaded",
		"threading",
		"ajax"
	],
	"author": {
		"name": "Matthew Holt",
		"email": "mholt@users.noreply.github.com",
		"url": "https://twitter.com/mholt6"
	},
	"licenses": [
		{
			"type": "MIT",
			"url": "http://opensource.org/licenses/MIT"
		}
	],
	"homepage":"http://papaparse.com",
	"docs": "http://papaparse.com/docs.html",
	"demo": "http://papaparse.com/demo.html",
	"download": "https://raw.github.com/mholt/PapaParse/master/papaparse.min.js",
	"dependencies": {
		"jquery": ">=1.6.0"
	}
}